zone,year,month,soil_moisture_m3m3
North Central,2000,1,0.11319382051282051
North Central,2000,2,0.10139883908045978
North Central,2000,3,0.12578065094339622
North Central,2000,4,0.1803172962962963
North Central,2000,5,0.23238893243243244
North Central,2000,6,0.2818996180555555
North Central,2000,7,0.28168455882352944
North Central,2000,8,0.2936104705882353
North Central,2000,9,0.29006971666666664
North Central,2000,10,0.2704053596491228
North Central,2000,11,0.18221128099173553
North Central,2000,12,0.13482357037037038
North Central,2001,1,0.10842674561403509
North Central,2001,2,0.08654870491803279
North Central,2001,3,0.13016702127659574
North Central,2001,4,0.207347008
North Central,2001,5,0.2337299714285714
North Central,2001,6,0.2758445619047619
North Central,2001,7,0.2797123985507246
North Central,2001,8,0.2914461923076923
North Central,2001,9,0.29537407258064513
North Central,2001,10,0.26931113978494625
North Central,2001,11,0.17037743137254902
North Central,2001,12,0.13999985074626864
North Central,2002,1,0.1007891551724138
North Central,2002,2,0.09698662025316455
North Central,2002,3,0.1370729528301887
North Central,2002,4,0.20071335172413793
North Central,2002,5,0.22751660135135135
North Central,2002,6,0.2666272960526316
North Central,2002,7,0.2892786666666667
North Central,2002,8,0.2955172897727273
North Central,2002,9,0.2931553846153846
North Central,2002,10,0.28156970621468924
North Central,2002,11,0.20122096226415095
North Central,2002,12,0.14458116759776538
North Central,2003,1,0.11810379761904762
North Central,2003,2,0.11126280575539568
North Central,2003,3,0.12139484615384614
North Central,2003,4,0.19564631176470587
North Central,2003,5,0.21537510119047618
North Central,2003,6,0.28902843373493975
North Central,2003,7,0.28798757894736843
North Central,2003,8,0.2920468203592814
North Central,2003,9,0.2948696125
North Central,2003,10,0.2737346474358974
North Central,2003,11,0.197276648
North Central,2003,12,0.14137540490797548
North Central,2004,1,0.11402410909090908
North Central,2004,2,0.10692623728813559
North Central,2004,3,0.1339076796875
North Central,2004,4,0.19095714906832298
North Central,2004,5,0.2536276373626374
North Central,2004,6,0.2798320365853659
North Central,2004,7,0.28789917647058827
North Central,2004,8,0.29262985365853655
North Central,2004,9,0.28916056024096387
North Central,2004,10,0.2559784468085107
North Central,2004,11,0.18137454545454545
North Central,2004,12,0.14424744378698226
North Central,2005,1,0.11666143529411764
North Central,2005,2,0.10769194029850745
North Central,2005,3,0.13093312499999998
North Central,2005,4,0.18802513605442175
North Central,2005,5,0.2457891739130435
North Central,2005,6,0.2803122705882353
North Central,2005,7,0.28835581645569625
North Central,2005,8,0.2865829872611465
North Central,2005,9,0.29072685
North Central,2005,10,0.2589682684563758
North Central,2005,11,0.1768045
North Central,2005,12,0.13191556441717792
North Central,2006,1,0.11658468674698795
North Central,2006,2,0.11513023880597015
North Central,2006,3,0.1442203904109589
North Central,2006,4,0.17131953691275167
North Central,2006,5,0.2718031494252874
North Central,2006,6,0.27356598214285716
North Central,2006,7,0.2868593216374269
North Central,2006,8,0.29689629411764706
North Central,2006,9,0.29600484049079756
North Central,2006,10,0.2839044695121951
North Central,2006,11,0.1894318142857143
North Central,2006,12,0.13793867647058825
North Central,2007,1,0.10523095774647886
North Central,2007,2,0.106658
North Central,2007,3,0.14567501714285713
North Central,2007,4,0.19448489898989899
North Central,2007,5,0.2636553860465116
North Central,2007,6,0.2838077198067633
North Central,2007,7,0.2843933990610329
North Central,2007,8,0.3044184112149533
North Central,2007,9,0.30473009045226135
North Central,2007,10,0.2852546854460094
North Central,2007,11,0.2112293913043478
North Central,2007,12,0.1497707741935484
North Central,2008,1,0.12151162264150943
North Central,2008,2,0.10862184065934066
North Central,2008,3,0.13364678350515463
North Central,2008,4,0.19958715384615383
North Central,2008,5,0.2514346820276498
North Central,2008,6,0.27855512857142856
North Central,2008,7,0.2895373101851852
North Central,2008,8,0.30154057476635515
North Central,2008,9,0.3003070480769231
North Central,2008,10,0.2727752046511628
North Central,2008,11,0.16854699047619048
North Central,2008,12,0.1349186267281106
North Central,2009,1,0.11200961574074074
North Central,2009,2,0.11589973714285715
North Central,2009,3,0.13899896703296705
North Central,2009,4,0.22109560194174757
North Central,2009,5,0.2581299534883721
North Central,2009,6,0.278571431372549
North Central,2009,7,0.29212694811320755
North Central,2009,8,0.29621359722222224
North Central,2009,9,0.2999763894230769
North Central,2009,10,0.2976824575471698
North Central,2009,11,0.2245645931372549
North Central,2009,12,0.15376571028037384
North Central,2010,1,0.11634609389671362
North Central,2010,2,0.11613394011976048
North Central,2010,3,0.13962128350515463
North Central,2010,4,0.17869660591133005
North Central,2010,5,0.2481290604651163
North Central,2010,6,0.2751055023923445
North Central,2010,7,0.2929970462962963
North Central,2010,8,0.30188260747663553
North Central,2010,9,0.30440975000000003
North Central,2010,10,0.29238070560747664
North Central,2010,11,0.2219531923076923
North Central,2010,12,0.15110974193548385
North Central,2011,1,0.12298712037037038
North Central,2011,2,0.1335029417989418
North Central,2011,3,0.13723252475247524
North Central,2011,4,0.18748599516908213
North Central,2011,5,0.25451653953488373
North Central,2011,6,0.2796260765550239
North Central,2011,7,0.28191462500000003
North Central,2011,8,0.2977748801843318
North Central,2011,9,0.29914589523809526
North Central,2011,10,0.2889040601851852
North Central,2011,11,0.19372328985507245
North Central,2011,12,0.1373867004608295
North Central,2012,1,0.11008169626168225
North Central,2012,2,0.12311594117647058
North Central,2012,3,0.13541528723404256
North Central,2012,4,0.19961004285714287
North Central,2012,5,0.2594377638888889
North Central,2012,6,0.28538501442307695
North Central,2012,7,0.2949339032258065
North Central,2012,8,0.30034796313364054
North Central,2012,9,0.30266484134615385
North Central,2012,10,0.288949625
North Central,2012,11,0.20995409047619049
North Central,2012,12,0.14720535023041476
North Central,2013,1,0.121252133640553
North Central,2013,2,0.12265322162162162
North Central,2013,3,0.14263801408450705
North Central,2013,4,0.2171433523809524
North Central,2013,5,0.2584525441860465
North Central,2013,6,0.276498922705314
North Central,2013,7,0.2914089444444445
North Central,2013,8,0.2859071527777778
North Central,2013,9,0.30141344285714283
North Central,2013,10,0.27665542396313364
North Central,2013,11,0.18793034285714286
North Central,2013,12,0.14678065437788018
North Central,2014,1,0.1239797465437788
North Central,2014,2,0.12094044632768362
North Central,2014,3,0.15107773488372092
North Central,2014,4,0.21665848557692308
North Central,2014,5,0.2647341296296296
North Central,2014,6,0.28098352403846155
North Central,2014,7,0.2880229488372093
North Central,2014,8,0.29870956279069766
North Central,2014,9,0.3024213623188406
North Central,2014,10,0.28863793548387096
North Central,2014,11,0.2134193523809524
North Central,2014,12,0.1564679400921659
North Central,2015,1,0.12402119907407406
North Central,2015,2,0.13264326178010472
North Central,2015,3,0.15577995215311005
North Central,2015,4,0.17623595714285714
North Central,2015,5,0.2307623564814815
North Central,2015,6,0.2621033317307692
North Central,2015,7,0.2803919262672811
North Central,2015,8,0.2966155324074074
North Central,2015,9,0.30485947619047615
North Central,2015,10,0.28152397222222225
North Central,2015,11,0.20005883333333332
North Central,2015,12,0.1459130737327189
North Central,2016,1,0.11907062211981567
North Central,2016,2,0.114823515625
North Central,2016,3,0.17654277777777777
North Central,2016,4,0.20992062857142857
North Central,2016,5,0.25320552558139536
North Central,2016,6,0.28101952631578947
North Central,2016,7,0.29203928095238096
North Central,2016,8,0.3011227037037037
North Central,2016,9,0.30331215714285714
North Central,2016,10,0.27733333640552993
North Central,2016,11,0.19205780952380955
North Central,2016,12,0.141709465437788
North Central,2017,1,0.11914190783410139
North Central,2017,2,0.10580176536312849
North Central,2017,3,0.12486229319371728
North Central,2017,4,0.18159838349514562
North Central,2017,5,0.24955967906976742
North Central,2017,6,0.27931562439024393
North Central,2017,7,0.28216868372093024
North Central,2017,8,0.3011007441860465
North Central,2017,9,0.29987464114832535
North Central,2017,10,0.2604457880184332
North Central,2017,11,0.17509514761904763
North Central,2017,12,0.1338434147465438
North Central,2018,1,0.10661788425925926
North Central,2018,2,0.12332184126984128
North Central,2018,3,0.14254911320754718
North Central,2018,4,0.18706652153110045
North Central,2018,5,0.2554471549295775
North Central,2018,6,0.27867585645933013
North Central,2018,7,0.2901859537037037
North Central,2018,8,0.30160278240740745
North Central,2018,9,0.30415725837320573
North Central,2018,10,0.2870313564814815
North Central,2018,11,0.21190621904761905
North Central,2018,12,0.1492254814814815
North Central,2019,1,0.12427622119815668
North Central,2019,2,0.12579663541666666
North Central,2019,3,0.14726106976744185
North Central,2019,4,0.19224540952380953
North Central,2019,5,0.2482064716981132
North Central,2019,6,0.28324723333333335
North Central,2019,7,0.28871726267281106
North Central,2019,8,0.2994948525345622
North Central,2019,9,0.30283449047619043
North Central,2019,10,0.3078677050691244
North Central,2019,11,0.2356871238095238
North Central,2019,12,0.16292255092592592
North Central,2020,1,0.1306893133640553
North Central,2020,2,0.11119505670103093
North Central,2020,3,0.13623004390243904
North Central,2020,4,0.18625531100478468
North Central,2020,5,0.2445393594470046
North Central,2020,6,0.2797421913875598
North Central,2020,7,0.28943761751152075
North Central,2020,8,0.28392666666666666
North Central,2020,9,0.3052047238095238
North Central,2020,10,0.2812483732718894
North Central,2020,11,0.17875469523809523
North Central,2020,12,0.13339257603686636
North Central,2021,1,0.11041645161290323
North Central,2021,2,0.10536731034482759
North Central,2021,3,0.14129238578680203
North Central,2021,4,0.173988
North Central,2021,5,0.23520334101382487
North Central,2021,6,0.2745721857142857
North Central,2021,7,0.282168668202765
North Central,2021,8,0.3028545207373272
North Central,2021,9,0.2984574688995215
North Central,2021,10,0.27999726267281105
North Central,2021,11,0.2131143253588517
North Central,2021,12,0.15091631797235022
North Central,2022,1,0.12151088479262673
North Central,2022,2,0.1072821340782123
North Central,2022,3,0.1315135369458128
North Central,2022,4,0.20464655980861243
North Central,2022,5,0.25160184186046514
North Central,2022,6,0.28010693779904305
North Central,2022,7,0.28361661574074076
North Central,2022,8,0.30298122580645165
North Central,2022,9,0.3097190285714286
North Central,2022,10,0.28455622119815666
North Central,2022,11,0.1840855238095238
North Central,2022,12,0.13261407834101382
North Central,2023,1,0.11245013824884792
North Central,2023,2,0.10573783240223462
North Central,2023,3,0.15242793396226417
North Central,2023,4,0.18610372857142857
North Central,2023,5,0.24686688940092166
North Central,2023,6,0.2877652296650718
North Central,2023,7,0.2852076912442396
North Central,2023,8,0.299211668202765
North Central,2023,9,0.3015654380952381
North Central,2023,10,0.2842784792626728
North Central,2023,11,0.2273024142857143
North Central,2023,12,0.16720082488479263
North East,2000,1,0.06670625599999999
North East,2000,2,0.056814741573033706
North East,2000,3,0.07011914606741573
North East,2000,4,0.127742528
North East,2000,5,0.153172171875
North East,2000,6,0.20111662676056338
North East,2000,7,0.2230423046357616
North East,2000,8,0.24122928965517243
North East,2000,9,0.23203404511278194
North East,2000,10,0.19313155405405405
North East,2000,11,0.11767233576642337
North East,2000,12,0.08801448091603054
North East,2001,1,0.06821400769230769
North East,2001,2,0.061308851351351355
North East,2001,3,0.059547575
North East,2001,4,0.11700478991596638
North East,2001,5,0.16802
North East,2001,6,0.2028107966101695
North East,2001,7,0.22385212676056337
North East,2001,8,0.24148305755395683
North East,2001,9,0.2382710802919708
North East,2001,10,0.18955836690647482
North East,2001,11,0.1205943381294964
North East,2001,12,0.08737655782312925
North East,2002,1,0.06514908333333333
North East,2002,2,0.060036237113402065
North East,2002,3,0.057571735294117646
North East,2002,4,0.11684278125
North East,2002,5,0.13846045774647886
North East,2002,6,0.1832452049689441
North East,2002,7,0.22186090476190476
North East,2002,8,0.23584322857142856
North East,2002,9,0.2363713782051282
North East,2002,10,0.20253749714285715
North East,2002,11,0.12338521250000001
North East,2002,12,0.0872479649122807
North East,2003,1,0.06998544578313254
North East,2003,2,0.059177870967741936
North East,2003,3,0.056281537878787875
North East,2003,4,0.10957883660130718
North East,2003,5,0.13423243137254903
North East,2003,6,0.21732555757575756
North East,2003,7,0.22899277058823528
North East,2003,8,0.2363818143712575
North East,2003,9,0.2349094840764331
North East,2003,10,0.1893282024539877
North East,2003,11,0.1191378834355828
North East,2003,12,0.09092422222222221
North East,2004,1,0.07041597590361445
North East,2004,2,0.058077703999999994
North East,2004,3,0.060551074626865674
North East,2004,4,0.11613188888888888
North East,2004,5,0.170892893081761
North East,2004,6,0.20030489820359282
North East,2004,7,0.22537481437125748
North East,2004,8,0.2361642727272727
North East,2004,9,0.21818858895705523
North East,2004,10,0.16798547023809524
North East,2004,11,0.1048618846153846
North East,2004,12,0.08397226993865031
North East,2005,1,0.06639831515151515
North East,2005,2,0.05644552419354839
North East,2005,3,0.0516345
North East,2005,4,0.08804096376811595
North East,2005,5,0.16182169642857142
North East,2005,6,0.20667824074074076
North East,2005,7,0.22774886826347307
North East,2005,8,0.24250364197530863
North East,2005,9,0.22896430379746838
North East,2005,10,0.19360313333333334
North East,2005,11,0.12453249350649352
North East,2005,12,0.08585456172839506
North East,2006,1,0.06632248466257669
North East,2006,2,0.059343107438016525
North East,2006,3,0.06261653153153153
North East,2006,4,0.08201280172413793
North East,2006,5,0.1722890479041916
North East,2006,6,0.19955193670886076
North East,2006,7,0.22015494642857142
North East,2006,8,0.23459628402366864
North East,2006,9,0.23211614649681528
North East,2006,10,0.19933555688622753
North East,2006,11,0.11857786249999999
North East,2006,12,0.09221222543352602
North East,2007,1,0.0703924347826087
North East,2007,2,0.059882257142857144
North East,2007,3,0.058869000000000005
North East,2007,4,0.10536223566878981
North East,2007,5,0.1640236847826087
North East,2007,6,0.20340584482758622
North East,2007,7,0.22832225806451611
North East,2007,8,0.25287602150537636
North East,2007,9,0.23783232386363637
North East,2007,10,0.18067934408602151
North East,2007,11,0.11338451111111111
North East,2007,12,0.08274762499999999
North East,2008,1,0.07029337158469946
North East,2008,2,0.06211251923076923
North East,2008,3,0.06164426086956522
North East,2008,4,0.10870576
North East,2008,5,0.16486954444444446
North East,2008,6,0.19682942937853107
North East,2008,7,0.22728772972972974
North East,2008,8,0.24670699462365592
North East,2008,9,0.2376021061452514
North East,2008,10,0.185681375
North East,2008,11,0.10324502222222222
North East,2008,12,0.08054735675675675
North East,2009,1,0.0639506129032258
North East,2009,2,0.0589685205479452
North East,2009,3,0.05607284353741497
North East,2009,4,0.11836060625
North East,2009,5,0.17350899447513812
North East,2009,6,0.19482222346368716
North East,2009,7,0.21753840322580645
North East,2009,8,0.23912
North East,2009,9,0.23258497777777778
North East,2009,10,0.2000498870967742
North East,2009,11,0.13697063636363638
North East,2009,12,0.0920673867403315
North East,2010,1,0.06908563934426229
North East,2010,2,0.058920051094890506
North East,2010,3,0.066060675
North East,2010,4,0.09243893827160495
North East,2010,5,0.1558216685082873
North East,2010,6,0.20458841242937856
North East,2010,7,0.23108231868131868
North East,2010,8,0.23903446774193549
North East,2010,9,0.24265232960893854
North East,2010,10,0.2095126989247312
North East,2010,11,0.13399264406779662
North East,2010,12,0.08991476630434782
North East,2011,1,0.07660084864864865
North East,2011,2,0.066372725
North East,2011,3,0.06261364971751412
North East,2011,4,0.09446406547619048
North East,2011,5,0.15590613978494625
North East,2011,6,0.19164392777777778
North East,2011,7,0.21804105945945945
North East,2011,8,0.2380786304347826
North East,2011,9,0.23422590555555556
North East,2011,10,0.191008989010989
North East,2011,11,0.11586789830508473
North East,2011,12,0.08391521505376344
North East,2012,1,0.06622544623655914
North East,2012,2,0.06075565269461077
North East,2012,3,0.060094205882352945
North East,2012,4,0.10751819298245614
North East,2012,5,0.16186660655737706
North East,2012,6,0.2070279497206704
North East,2012,7,0.2367581945945946
North East,2012,8,0.25012104864864865
North East,2012,9,0.24618357222222223
North East,2012,10,0.20020085483870967
North East,2012,11,0.12939433888888888
North East,2012,12,0.08850539247311827
North East,2013,1,0.07225708602150538
North East,2013,2,0.06473574404761905
North East,2013,3,0.06897889473684211
North East,2013,4,0.10987433918128656
North East,2013,5,0.1524043043478261
North East,2013,6,0.19005008426966294
North East,2013,7,0.22520597837837839
North East,2013,8,0.2446596358695652
North East,2013,9,0.23482893258426968
North East,2013,10,0.19029833333333335
North East,2013,11,0.11368614444444444
North East,2013,12,0.08182759677419355
North East,2014,1,0.06744104838709677
North East,2014,2,0.06291954166666666
North East,2014,3,0.07264711475409837
North East,2014,4,0.11849074860335196
North East,2014,5,0.17355304347826087
North East,2014,6,0.19577080555555557
North East,2014,7,0.22219095108695655
North East,2014,8,0.24280724864864867
North East,2014,9,0.23545701666666669
North East,2014,10,0.1993800864864865
North East,2014,11,0.12064478333333334
North East,2014,12,0.08738104838709677
North East,2015,1,0.07145360752688172
North East,2015,2,0.06154007142857143
North East,2015,3,0.07237734444444445
North East,2015,4,0.08893295555555555
North East,2015,5,0.13383220430107529
North East,2015,6,0.18582025555555554
North East,2015,7,0.21715292432432431
North East,2015,8,0.2390739783783784
North East,2015,9,0.2415452055555556
North East,2015,10,0.18889532258064515
North East,2015,11,0.11843968333333334
North East,2015,12,0.0881751505376344
North East,2016,1,0.06805854838709677
North East,2016,2,0.06290380459770115
North East,2016,3,0.08069868306010929
North East,2016,4,0.10188762921348316
North East,2016,5,0.16456765217391303
North East,2016,6,0.202589530726257
North East,2016,7,0.2275885593220339
North East,2016,8,0.2406308010752688
North East,2016,9,0.2351412122905028
North East,2016,10,0.17540703225806453
North East,2016,11,0.10465800555555556
North East,2016,12,0.07503429032258065
North East,2017,1,0.06628170810810811
North East,2017,2,0.06057992168674699
North East,2017,3,0.06273777966101696
North East,2017,4,0.10530495530726257
North East,2017,5,0.1630525376344086
North East,2017,6,0.2115479604519774
North East,2017,7,0.2254277374301676
North East,2017,8,0.24259014054054054
North East,2017,9,0.23115577222222222
North East,2017,10,0.16249659139784947
North East,2017,11,0.09816872777777777
North East,2017,12,0.07188513978494623
North East,2018,1,0.063408
North East,2018,2,0.06452533928571429
North East,2018,3,0.06567830769230769
North East,2018,4,0.10396128888888888
North East,2018,5,0.16858768279569894
North East,2018,6,0.19977625000000002
North East,2018,7,0.22435937016574586
North East,2018,8,0.24150796132596686
North East,2018,9,0.24050314525139666
North East,2018,10,0.192626623655914
North East,2018,11,0.12030174444444444
North East,2018,12,0.08635964516129033
North East,2019,1,0.06752017741935483
North East,2019,2,0.06475807738095238
North East,2019,3,0.06271251891891892
North East,2019,4,0.1030816888888889
North East,2019,5,0.15795416666666667
North East,2019,6,0.20940678651685393
North East,2019,7,0.22874465217391304
North East,2019,8,0.24498787431693989
North East,2019,9,0.2365486611111111
North East,2019,10,0.23439451630434782
North East,2019,11,0.15775627222222222
North East,2019,12,0.10510020967741936
North East,2020,1,0.07659249462365592
North East,2020,2,0.06771328070175438
North East,2020,3,0.07134826815642459
North East,2020,4,0.09454398882681564
North East,2020,5,0.15669779032258066
North East,2020,6,0.19997800000000002
North East,2020,7,0.23081253260869566
North East,2020,8,0.2391024247311828
North East,2020,9,0.2409216033519553
North East,2020,10,0.1956539247311828
North East,2020,11,0.11866178333333334
North East,2020,12,0.07985480107526882
North East,2021,1,0.0613283064516129
North East,2021,2,0.05796723780487805
North East,2021,3,0.06939458659217877
North East,2021,4,0.0831417570621469
North East,2021,5,0.13905186486486487
North East,2021,6,0.19294939444444445
North East,2021,7,0.22400048924731183
North East,2021,8,0.23995044623655915
North East,2021,9,0.2336946404494382
North East,2021,10,0.18101155913978492
North East,2021,11,0.11629366666666667
North East,2021,12,0.07961920430107527
North East,2022,1,0.06390478494623657
North East,2022,2,0.0574835487804878
North East,2022,3,0.05888861988304093
North East,2022,4,0.11346521666666667
North East,2022,5,0.14853639784946238
North East,2022,6,0.1937216011235955
North East,2022,7,0.23117184324324322
North East,2022,8,0.24726786486486485
North East,2022,9,0.24991023033707865
North East,2022,10,0.19984836216216217
North East,2022,11,0.12311258333333333
North East,2022,12,0.08444939247311828
North East,2023,1,0.06774579569892474
North East,2023,2,0.058562656441717785
North East,2023,3,0.06786427840909091
North East,2023,4,0.09850673888888889
North East,2023,5,0.1526937010869565
North East,2023,6,0.21687036516853933
North East,2023,7,0.22176354054054054
North East,2023,8,0.2389859247311828
North East,2023,9,0.2348300502793296
North East,2023,10,0.19264895698924733
North East,2023,11,0.12481664444444446
North East,2023,12,0.08541468817204301
North West,2000,1,0.0832241447368421
North West,2000,2,0.0792256
North West,2000,3,0.0827244375
North West,2000,4,0.08882152409638554
North West,2000,5,0.12328190967741934
North West,2000,6,0.2026529418604651
North West,2000,7,0.2541227584269663
North West,2000,8,0.277203699386503
North West,2000,9,0.25372885616438356
North West,2000,10,0.21379432954545455
North West,2000,11,0.1253645317919075
North West,2000,12,0.1035036149068323
North West,2001,1,0.0796409861111111
North West,2001,2,0.0784138811881188
North West,2001,3,0.07832104137931034
North West,2001,4,0.11039417567567568
North West,2001,5,0.16220108860759494
North West,2001,6,0.2196613076923077
North West,2001,7,0.25754196685082875
North West,2001,8,0.2826844424242424
North West,2001,9,0.27351622988505747
North West,2001,10,0.19455642541436466
North West,2001,11,0.1290467388888889
North West,2001,12,0.10035157627118645
North West,2002,1,0.0814549012345679
North West,2002,2,0.078342015625
North West,2002,3,0.08040398850574713
North West,2002,4,0.09881907865168539
North West,2002,5,0.12095696391752578
North West,2002,6,0.19677417171717174
North West,2002,7,0.2421296146341463
North West,2002,8,0.2737034705882353
North West,2002,9,0.2664586165803109
North West,2002,10,0.22570915346534653
North West,2002,11,0.14810173529411766
North West,2002,12,0.10428791304347826
North West,2003,1,0.08211623958333333
North West,2003,2,0.07642970658682635
North West,2003,3,0.07550651322751323
North West,2003,4,0.11732749738219896
North West,2003,5,0.13169668599033815
North West,2003,6,0.21454246391752577
North West,2003,7,0.2618082038834951
North West,2003,8,0.28529378109452735
North West,2003,9,0.28134768253968256
North West,2003,10,0.21290949222797928
North West,2003,11,0.137505985
North West,2003,12,0.10731798492462312
North West,2004,1,0.08326098941798941
North West,2004,2,0.07831315294117647
North West,2004,3,0.08174542783505155
North West,2004,4,0.09944660209424083
North West,2004,5,0.16648670351758793
North West,2004,6,0.204592359375
North West,2004,7,0.2628661287128713
North West,2004,8,0.2758865925925926
North West,2004,9,0.23965617112299467
North West,2004,10,0.16748845145631067
North West,2004,11,0.10998612565445026
North West,2004,12,0.08800832142857143
North West,2005,1,0.08244228272251308
North West,2005,2,0.07590276543209877
North West,2005,3,0.07325019689119171
North West,2005,4,0.08422491978609625
North West,2005,5,0.15211018811881188
North West,2005,6,0.22254616425120774
North West,2005,7,0.26313292346938777
North West,2005,8,0.2790308497409326
North West,2005,9,0.26073400534759356
North West,2005,10,0.1980716210526316
North West,2005,11,0.1360566153846154
North West,2005,12,0.09168838916256157
North West,2006,1,0.07779914689265537
North West,2006,2,0.07386000598802396
North West,2006,3,0.06848054054054055
North West,2006,4,0.07355076041666667
North West,2006,5,0.153597
North West,2006,6,0.19809465196078432
North West,2006,7,0.2404052935323383
North West,2006,8,0.2762685202020202
North West,2006,9,0.26879251308900526
North West,2006,10,0.21272329166666668
North West,2006,11,0.14472870731707316
North West,2006,12,0.10323842408376964
North West,2007,1,0.09098989573459716
North West,2007,2,0.08342843617021276
North West,2007,3,0.08312399029126213
North West,2007,4,0.1018229303482587
North West,2007,5,0.162671220657277
North West,2007,6,0.21195750970873786
North West,2007,7,0.25053910185185185
North West,2007,8,0.2873297023255814
North West,2007,9,0.2612876862745098
North West,2007,10,0.17178743518518516
North West,2007,11,0.10760105741626794
North West,2007,12,0.08982756018518519
North West,2008,1,0.08655142380952381
North West,2008,2,0.08243630303030303
North West,2008,3,0.08190741463414634
North West,2008,4,0.09363776555023923
North West,2008,5,0.14823376168224298
North West,2008,6,0.20051401463414634
North West,2008,7,0.2584129302325581
North West,2008,8,0.28704165566037737
North West,2008,9,0.2710086796116505
North West,2008,10,0.2047772037037037
North West,2008,11,0.13245092307692308
North West,2008,12,0.10012645622119815
North West,2009,1,0.08703564186046511
North West,2009,2,0.08000801075268817
North West,2009,3,0.07121766850828729
North West,2009,4,0.0868799306930693
North West,2009,5,0.15206117289719626
North West,2009,6,0.18909053623188407
North West,2009,7,0.24411070476190475
North West,2009,8,0.2765276401869159
North West,2009,9,0.26764366028708136
North West,2009,10,0.20311679439252336
North West,2009,11,0.14481820197044334
North West,2009,12,0.10330294444444445
North West,2010,1,0.08623553365384615
North West,2010,2,0.07943892349726776
North West,2010,3,0.07268878756476684
North West,2010,4,0.09658544776119404
North West,2010,5,0.1593787663551402
North West,2010,6,0.21654257487922704
North West,2010,7,0.26313767441860464
North West,2010,8,0.2888369158878505
North West,2010,9,0.2803049761904762
North West,2010,10,0.24044383720930232
North West,2010,11,0.15904819523809524
North West,2010,12,0.11137624537037037
North West,2011,1,0.09364025352112676
North West,2011,2,0.08422874345549737
North West,2011,3,0.07872385572139304
North West,2011,4,0.08975121739130434
North West,2011,5,0.13991292056074767
North West,2011,6,0.20879034285714287
North West,2011,7,0.24196743255813954
North West,2011,8,0.27705582790697675
North West,2011,9,0.26482940476190475
North West,2011,10,0.1909741059907834
North West,2011,11,0.11999345192307692
North West,2011,12,0.09580944444444445
North West,2012,1,0.08441311627906976
North West,2012,2,0.07944665482233502
North West,2012,3,0.07687727860696517
North West,2012,4,0.08913213942307692
North West,2012,5,0.15269345622119818
North West,2012,6,0.22502375714285716
North West,2012,7,0.26906046543778805
North West,2012,8,0.2940794651162791
North West,2012,9,0.27455794258373206
North West,2012,10,0.19935526728110597
North West,2012,11,0.12380148095238096
North West,2012,12,0.09393818433179722
North West,2013,1,0.08669594930875575
North West,2013,2,0.08227485204081633
North West,2013,3,0.07835896698113207
North West,2013,4,0.10942233333333333
North West,2013,5,0.15271616589861753
North West,2013,6,0.20367240669856457
North West,2013,7,0.2503816574074074
North West,2013,8,0.2934757142857143
North West,2013,9,0.2696904
North West,2013,10,0.19250389400921658
North West,2013,11,0.1196340619047619
North West,2013,12,0.09370264976958526
North West,2014,1,0.08592205990783411
North West,2014,2,0.08343347448979592
North West,2014,3,0.08143054166666666
North West,2014,4,0.11260921904761906
North West,2014,5,0.1785358738317757
North West,2014,6,0.20059027272727273
North West,2014,7,0.23604807943925232
North West,2014,8,0.28462276995305164
North West,2014,9,0.2707669761904762
North West,2014,10,0.20218223041474656
North West,2014,11,0.12398490000000001
North West,2014,12,0.09648133644859813
North West,2015,1,0.08671016203703703
North West,2015,2,0.08042227692307692
North West,2015,3,0.0876176465116279
North West,2015,4,0.0885621380952381
North West,2015,5,0.12646402304147464
North West,2015,6,0.18334558851674643
North West,2015,7,0.23515579069767442
North West,2015,8,0.28351938862559245
North West,2015,9,0.277346875
North West,2015,10,0.19721411059907834
North West,2015,11,0.12456502857142858
North West,2015,12,0.0989943594470046
North West,2016,1,0.08538137037037037
North West,2016,2,0.08232827227722772
North West,2016,3,0.09144909722222223
North West,2016,4,0.10583331428571428
North West,2016,5,0.15847581860465118
North West,2016,6,0.21555861057692308
North West,2016,7,0.2572941553398058
North West,2016,8,0.2869854976076555
North West,2016,9,0.27126304347826086
North West,2016,10,0.17436011520737327
North West,2016,11,0.11334695238095238
North West,2016,12,0.08875584331797234
North West,2017,1,0.0838100460829493
North West,2017,2,0.08045957142857142
North West,2017,3,0.07773586893203883
North West,2017,4,0.08697070813397129
North West,2017,5,0.15401384651162792
North West,2017,6,0.22579294736842104
North West,2017,7,0.2618815
North West,2017,8,0.2808639014084507
North West,2017,9,0.25646113106796115
North West,2017,10,0.16595201843317975
North West,2017,11,0.1058805142857143
North West,2017,12,0.08802992626728111
North West,2018,1,0.08169553917050691
North West,2018,2,0.08031489285714286
North West,2018,3,0.07231173831775702
North West,2018,4,0.08437218571428572
North West,2018,5,0.14686656279069768
North West,2018,6,0.2111651268292683
North West,2018,7,0.26237859154929577
North West,2018,8,0.28404558685446013
North West,2018,9,0.2757663913043478
North West,2018,10,0.20661924074074076
North West,2018,11,0.12393096666666667
North West,2018,12,0.09745724537037036
North West,2019,1,0.08549310599078341
North West,2019,2,0.08099648979591836
North West,2019,3,0.07841690783410138
North West,2019,4,0.07901619806763284
North West,2019,5,0.15681199537037038
North West,2019,6,0.2239498076923077
North West,2019,7,0.25707203317535543
North West,2019,8,0.28535577314814814
North West,2019,9,0.26288342583732055
North West,2019,10,0.24356530414746544
North West,2019,11,0.15007360476190476
North West,2019,12,0.10549710648148149
North West,2020,1,0.09019681566820276
North West,2020,2,0.08436610344827586
North West,2020,3,0.08278692558139535
North West,2020,4,0.09467306190476191
North West,2020,5,0.14034490697674418
North West,2020,6,0.1963323238095238
North West,2020,7,0.2603211261682243
North West,2020,8,0.29053011267605633
North West,2020,9,0.28806565714285715
North West,2020,10,0.22235575
North West,2020,11,0.14284185238095237
North West,2020,12,0.10152153917050691
North West,2021,1,0.08547316129032258
North West,2021,2,0.08216485714285715
North West,2021,3,0.08305439622641508
North West,2021,4,0.08758375480769232
North West,2021,5,0.12911829493087557
North West,2021,6,0.18413429523809524
North West,2021,7,0.2456371023255814
North West,2021,8,0.2842760462962963
North West,2021,9,0.2719652057416268
North West,2021,10,0.18535844239631338
North West,2021,11,0.1155077761904762
North West,2021,12,0.093262866359447
North West,2022,1,0.084824125
North West,2022,2,0.0807684587628866
North West,2022,3,0.0795023514851485
North West,2022,4,0.10382525238095237
North West,2022,5,0.13649499537037035
North West,2022,6,0.20559369417475726
North West,2022,7,0.26334289351851853
North West,2022,8,0.2963577488372093
North West,2022,9,0.29324066028708135
North West,2022,10,0.21340569585253455
North West,2022,11,0.13646985238095238
North West,2022,12,0.10418978341013825
North West,2023,1,0.09048006018518519
North West,2023,2,0.08425101041666666
North West,2023,3,0.09040042253521126
North West,2023,4,0.10268543333333333
North West,2023,5,0.14408283870967742
North West,2023,6,0.22253827272727275
North West,2023,7,0.25206043255813954
North West,2023,8,0.2847496851851852
North West,2023,9,0.2687328803827751
North West,2023,10,0.18934598617511522
North West,2023,11,0.1279305380952381
North West,2023,12,0.09611655760368663
South East,2000,1,0.22343911428571428
South East,2000,2,0.19653254545454546
South East,2000,3,0.2693085535714286
South East,2000,4,0.29576507692307696
South East,2000,5,0.32278773529411764
South East,2000,6,0.33890973770491806
South East,2000,7,0.3370225744680851
South East,2000,8,0.346579431372549
South East,2000,9,0.3445566382978723
South East,2000,10,0.34432701818181816
South East,2000,11,0.2883159836065574
South East,2000,12,0.24324376086956523
South East,2001,1,0.20938325
South East,2001,2,0.24604426666666665
South East,2001,3,0.29536519607843137
South East,2001,4,0.32352169354838706
South East,2001,5,0.3554403404255319
South East,2001,6,0.3471414375
South East,2001,7,0.33685314893617024
South East,2001,8,0.3568105952380953
South East,2001,9,0.3558855744680851
South East,2001,10,0.3428479
South East,2001,11,0.2772444102564103
South East,2001,12,0.24308005882352943
South East,2002,1,0.21591458620689657
South East,2002,2,0.2474571875
South East,2002,3,0.2944698275862069
South East,2002,4,0.3199583125
South East,2002,5,0.3222118275862069
South East,2002,6,0.3391018666666667
South East,2002,7,0.33554188405797103
South East,2002,8,0.34946224528301884
South East,2002,9,0.3486982459016394
South East,2002,10,0.3423607142857143
South East,2002,11,0.3115736951219512
South East,2002,12,0.251722301369863
South East,2003,1,0.24618859999999998
South East,2003,2,0.2479877090909091
South East,2003,3,0.2673221230769231
South East,2003,4,0.29790321794871794
South East,2003,5,0.3193380465116279
South East,2003,6,0.353209
South East,2003,7,0.35002887234042557
South East,2003,8,0.3551813181818182
South East,2003,9,0.34787172
South East,2003,10,0.33523547619047617
South East,2003,11,0.3156750175438597
South East,2003,12,0.2763508979591837
South East,2004,1,0.25490277049180327
South East,2004,2,0.2561403103448276
South East,2004,3,0.2636723939393939
South East,2004,4,0.309230275
South East,2004,5,0.3260591692307692
South East,2004,6,0.34537575510204077
South East,2004,7,0.3504101904761905
South East,2004,8,0.34242122222222227
South East,2004,9,0.35124353999999997
South East,2004,10,0.33558594666666663
South East,2004,11,0.32310196721311474
South East,2004,12,0.2748594117647059
South East,2005,1,0.26115593220338984
South East,2005,2,0.2628648571428572
South East,2005,3,0.2656972830188679
South East,2005,4,0.28063649090909093
South East,2005,5,0.31587672857142857
South East,2005,6,0.3469421111111111
South East,2005,7,0.364371756097561
South East,2005,8,0.36305102325581395
South East,2005,9,0.37190024390243903
South East,2005,10,0.347031609375
South East,2005,11,0.32399832142857143
South East,2005,12,0.2530217045454546
South East,2006,1,0.2502367068965517
South East,2006,2,0.2620265263157895
South East,2006,3,0.26955737931034485
South East,2006,4,0.28626022222222225
South East,2006,5,0.35697258
South East,2006,6,0.3523461692307692
South East,2006,7,0.3510566976744186
South East,2006,8,0.35838935714285713
South East,2006,9,0.3701082857142857
South East,2006,10,0.35131455
South East,2006,11,0.32337266176470586
South East,2006,12,0.2766755098039216
South East,2007,1,0.20074599305555557
South East,2007,2,0.2056572945736434
South East,2007,3,0.2366419014084507
South East,2007,4,0.28396011811023625
South East,2007,5,0.3258302518518519
South East,2007,6,0.33396786713286714
South East,2007,7,0.3356392068965517
South East,2007,8,0.34509726896551723
South East,2007,9,0.34914703846153844
South East,2007,10,0.34314383333333337
South East,2007,11,0.32671182191780823
South East,2007,12,0.26965671140939595
South East,2008,1,0.24484233108108108
South East,2008,2,0.20972421276595746
South East,2008,3,0.25324903424657536
South East,2008,4,0.3057473669064748
South East,2008,5,0.3300545401459854
South East,2008,6,0.3358798936170213
South East,2008,7,0.3370462482758621
South East,2008,8,0.34304308666666666
South East,2008,9,0.34540805555555554
South East,2008,10,0.33118926666666665
South East,2008,11,0.29003901360544215
South East,2008,12,0.25118757333333336
South East,2009,1,0.2400933489932886
South East,2009,2,0.241800776119403
South East,2009,3,0.24955870469798658
South East,2009,4,0.29625922857142856
South East,2009,5,0.32683593846153847
South East,2009,6,0.3295741944444444
South East,2009,7,0.3382383611111111
South East,2009,8,0.3417936170212766
South East,2009,9,0.3389701838235294
South East,2009,10,0.3430203216783217
South East,2009,11,0.3131444130434783
South East,2009,12,0.23895101428571427
South East,2010,1,0.2065517602739726
South East,2010,2,0.22493014179104479
South East,2010,3,0.23557810273972601
South East,2010,4,0.28148855633802816
South East,2010,5,0.3190577482993197
South East,2010,6,0.3346585724137931
South East,2010,7,0.33312487671232877
South East,2010,8,0.33573765562913904
South East,2010,9,0.33677460689655175
South East,2010,10,0.3386008137931035
South East,2010,11,0.3105670821917808
South East,2010,12,0.23987401333333333
South East,2011,1,0.20930570198675497
South East,2011,2,0.23574125547445254
South East,2011,3,0.25677982352941175
South East,2011,4,0.2841794133333333
South East,2011,5,0.3272584178082192
South East,2011,6,0.3311213866666667
South East,2011,7,0.3353250718954248
South East,2011,8,0.3412666209150327
South East,2011,9,0.3405872925170068
South East,2011,10,0.3372697207792208
South East,2011,11,0.2947485503355705
South East,2011,12,0.2330095947712418
South East,2012,1,0.20961467320261437
South East,2012,2,0.23550809352517985
South East,2012,3,0.2405203691275168
South East,2012,4,0.29885157534246576
South East,2012,5,0.3232255629139073
South East,2012,6,0.3332425972222222
South East,2012,7,0.33837778571428573
South East,2012,8,0.3364194569536424
South East,2012,9,0.341216277027027
South East,2012,10,0.33768885064935067
South East,2012,11,0.3105729861111111
South East,2012,12,0.2398251006711409
South East,2013,1,0.22679417999999998
South East,2013,2,0.22796482962962963
South East,2013,3,0.25137556493506497
South East,2013,4,0.2935702344827586
South East,2013,5,0.32250168421052633
South East,2013,6,0.3303036081081081
South East,2013,7,0.33368081045751635
South East,2013,8,0.32922648051948056
South East,2013,9,0.3380111879194631
South East,2013,10,0.3308293612903226
South East,2013,11,0.3021407651006711
South East,2013,12,0.27231485806451616
South East,2014,1,0.2347745
South East,2014,2,0.22339919565217392
South East,2014,3,0.2771397077922078
South East,2014,4,0.29665288
South East,2014,5,0.32812103896103895
South East,2014,6,0.33165503333333335
South East,2014,7,0.3298657987012987
South East,2014,8,0.3379963246753247
South East,2014,9,0.34061322
South East,2014,10,0.33367988387096775
South East,2014,11,0.31092652
South East,2014,12,0.24809001290322583
South East,2015,1,0.2173649411764706
South East,2015,2,0.23603679411764708
South East,2015,3,0.26636175483870966
South East,2015,4,0.28383433783783785
South East,2015,5,0.30951283766233767
South East,2015,6,0.32858362666666663
South East,2015,7,0.33040066451612904
South East,2015,8,0.3364793766233766
South East,2015,9,0.342027322147651
South East,2015,10,0.3331736993464052
South East,2015,11,0.30246303333333335
South East,2015,12,0.231910535483871
South East,2016,1,0.20143744155844157
South East,2016,2,0.18808993055555556
South East,2016,3,0.2701289210526316
South East,2016,4,0.28402501333333335
South East,2016,5,0.3127825935483871
South East,2016,6,0.32456745205479454
South East,2016,7,0.3326659066666667
South East,2016,8,0.33970470967741934
South East,2016,9,0.33799558389261747
South East,2016,10,0.3277593961038961
South East,2016,11,0.2846238493150685
South East,2016,12,0.2371992
South East,2017,1,0.2161059483870968
South East,2017,2,0.19153345
South East,2017,3,0.2176455779220779
South East,2017,4,0.28716447972972975
South East,2017,5,0.31147851948051947
South East,2017,6,0.3254815466666667
South East,2017,7,0.3310452857142857
South East,2017,8,0.3388187142857143
South East,2017,9,0.33520956375838923
South East,2017,10,0.32732297402597405
South East,2017,11,0.2926963533333333
South East,2017,12,0.23333989677419356
South East,2018,1,0.19301947402597402
South East,2018,2,0.21858313669064747
South East,2018,3,0.24086506493506496
South East,2018,4,0.2881681543624161
South East,2018,5,0.30966751315789476
South East,2018,6,0.3262309597315436
South East,2018,7,0.3358541948051948
South East,2018,8,0.33185324183006537
South East,2018,9,0.3390002108843537
South East,2018,10,0.3299360322580645
South East,2018,11,0.29723646000000004
South East,2018,12,0.22189463636363635
South East,2019,1,0.201759
South East,2019,2,0.22298192857142857
South East,2019,3,0.25537532258064516
South East,2019,4,0.27890748979591834
South East,2019,5,0.3093613612903226
South East,2019,6,0.3352493266666667
South East,2019,7,0.3372036193548387
South East,2019,8,0.33590530519480516
South East,2019,9,0.33597140939597314
South East,2019,10,0.3337489411764706
South East,2019,11,0.316747288590604
South East,2019,12,0.2348911806451613
South East,2020,1,0.18818433548387098
South East,2020,2,0.17672606896551724
South East,2020,3,0.23944114193548388
South East,2020,4,0.2952937666666667
South East,2020,5,0.31520433986928104
South East,2020,6,0.32919857333333336
South East,2020,7,0.33703994193548387
South East,2020,8,0.31019546451612906
South East,2020,9,0.33732142666666665
South East,2020,10,0.3342972467532468
South East,2020,11,0.2714407933333333
South East,2020,12,0.2175679935483871
South East,2021,1,0.18497336774193548
South East,2021,2,0.17856640000000001
South East,2021,3,0.2228319675324675
South East,2021,4,0.2696153866666666
South East,2021,5,0.3076118961038961
South East,2021,6,0.32675525333333333
South East,2021,7,0.32492810322580645
South East,2021,8,0.33590430322580644
South East,2021,9,0.3338742684563758
South East,2021,10,0.3337026103896104
South East,2021,11,0.32157904000000004
South East,2021,12,0.24105789032258065
South East,2022,1,0.21414872258064518
South East,2022,2,0.1918950724637681
South East,2022,3,0.23204029677419355
South East,2022,4,0.2905878859060403
South East,2022,5,0.3281072580645161
South East,2022,6,0.33275362666666664
South East,2022,7,0.3308009483870968
South East,2022,8,0.33315459999999997
South East,2022,9,0.3358347933333333
South East,2022,10,0.33868404575163397
South East,2022,11,0.2814487651006711
South East,2022,12,0.22176473548387096
South East,2023,1,0.19046378064516128
South East,2023,2,0.19337198550724638
South East,2023,3,0.26121659354838705
South East,2023,4,0.285043610738255
South East,2023,5,0.3200526732026144
South East,2023,6,0.3408236912751678
South East,2023,7,0.3358122467532467
South East,2023,8,0.33520278431372547
South East,2023,9,0.34247634228187923
South East,2023,10,0.3385950522875817
South East,2023,11,0.3300883108108108
South East,2023,12,0.26092448701298704
South South,2000,1,0.24466954545454545
South South,2000,2,0.193527
South South,2000,3,0.2524040909090909
South South,2000,4,0.26002243902439026
South South,2000,5,0.2858314074074074
South South,2000,6,0.33061095652173916
South South,2000,7,0.33650050000000004
South South,2000,8,0.33211623076923075
South South,2000,9,0.3422253125
South South,2000,10,0.3529544666666667
South South,2000,11,0.30033072222222224
South South,2000,12,0.262447625
South South,2001,1,0.234430375
South South,2001,2,0.24489575
South South,2001,3,0.2543792631578947
South South,2001,4,0.293993
South South,2001,5,0.31379466666666667
South South,2001,6,0.327039
South South,2001,7,0.31688746153846153
South South,2001,8,0.33065864285714286
South South,2001,9,0.33019946666666666
South South,2001,10,0.3467645714285714
South South,2001,11,0.2953091666666667
South South,2001,12,0.2760993
South South,2002,1,0.25873666666666667
South South,2002,2,0.26303966666666667
South South,2002,3,0.28115413636363634
South South,2002,4,0.30099848648648647
South South,2002,5,0.2942268571428572
South South,2002,6,0.3151120384615385
South South,2002,7,0.3197926111111111
South South,2002,8,0.3231221
South South,2002,9,0.31463823529411766
South South,2002,10,0.31635340298507464
South South,2002,11,0.3011929677419355
South South,2002,12,0.27719213725490194
South South,2003,1,0.27374364
South South,2003,2,0.2733061025641026
South South,2003,3,0.2768958292682927
South South,2003,4,0.2782346222222222
South South,2003,5,0.29265237209302325
South South,2003,6,0.30617884444444443
South South,2003,7,0.3193092127659575
South South,2003,8,0.3259366842105263
South South,2003,9,0.3216223275862069
South South,2003,10,0.3230844576271187
South South,2003,11,0.3044481111111111
South South,2003,12,0.289342775
South South,2004,1,0.27896272093023256
South South,2004,2,0.2773524857142857
South South,2004,3,0.27269907407407407
South South,2004,4,0.28522371929824564
South South,2004,5,0.29488932558139536
South South,2004,6,0.30405859999999996
South South,2004,7,0.3211944255319149
South South,2004,8,0.3238843846153846
South South,2004,9,0.3252276470588235
South South,2004,10,0.3161983275862069
South South,2004,11,0.3000462954545455
South South,2004,12,0.28667543902439024
South South,2005,1,0.2808877222222222
South South,2005,2,0.2692128235294118
South South,2005,3,0.27825097368421053
South South,2005,4,0.28190829545454543
South South,2005,5,0.29282096874999997
South South,2005,6,0.3102623695652174
South South,2005,7,0.3250285652173913
South South,2005,8,0.3203340612244898
South South,2005,9,0.32306621999999996
South South,2005,10,0.30946518333333334
South South,2005,11,0.2965423157894737
South South,2005,12,0.2915108064516129
South South,2006,1,0.2797106222222222
South South,2006,2,0.27349945161290323
South South,2006,3,0.28197744444444445
South South,2006,4,0.29316953333333334
South South,2006,5,0.30347276315789473
South South,2006,6,0.3034293157894737
South South,2006,7,0.30531429729729725
South South,2006,8,0.30803814285714287
South South,2006,9,0.3220071034482758
South South,2006,10,0.3195052413793103
South South,2006,11,0.30215504444444446
South South,2006,12,0.28811759459459463
South South,2007,1,0.24952486407766988
South South,2007,2,0.24074802597402598
South South,2007,3,0.26051642708333334
South South,2007,4,0.28760908860759493
South South,2007,5,0.28700426829268294
South South,2007,6,0.30409894252873565
South South,2007,7,0.3120977411764706
South South,2007,8,0.3047890238095238
South South,2007,9,0.3148055730337079
South South,2007,10,0.3121901775700935
South South,2007,11,0.2947434157303371
South South,2007,12,0.298009614678899
South South,2008,1,0.26862114285714284
South South,2008,2,0.23754834567901237
South South,2008,3,0.28125931818181815
South South,2008,4,0.284082
South South,2008,5,0.2905187441860465
South South,2008,6,0.29546124
South South,2008,7,0.30865157142857147
South South,2008,8,0.3098143555555556
South South,2008,9,0.31821795833333333
South South,2008,10,0.30438701904761906
South South,2008,11,0.2862173586956522
South South,2008,12,0.2883342962962963
South South,2009,1,0.26683399082568804
South South,2009,2,0.2546681038961039
South South,2009,3,0.28105787368421054
South South,2009,4,0.27678994520547945
South South,2009,5,0.293316698630137
South South,2009,6,0.30511402857142855
South South,2009,7,0.3186130111111111
South South,2009,8,0.3310138351648352
South South,2009,9,0.3308960112359551
South South,2009,10,0.32557951041666666
South South,2009,11,0.3077721
South South,2009,12,0.27505311111111114
South South,2010,1,0.25911613684210527
South South,2010,2,0.24972836507936508
South South,2010,3,0.2728266739130435
South South,2010,4,0.27932760256410255
South South,2010,5,0.29051859210526315
South South,2010,6,0.30660182716049383
South South,2010,7,0.3087743176470588
South South,2010,8,0.3122149213483146
South South,2010,9,0.3185490795454546
South South,2010,10,0.32101846938775513
South South,2010,11,0.29633917045454544
South South,2010,12,0.2724286132075472
South South,2011,1,0.24911682857142858
South South,2011,2,0.241731
South South,2011,3,0.24740676470588235
South South,2011,4,0.26616261904761906
South South,2011,5,0.2949394210526316
South South,2011,6,0.30656543877551024
South South,2011,7,0.31692770297029704
South South,2011,8,0.31336949999999997
South South,2011,9,0.3130106851851852
South South,2011,10,0.3029334411764706
South South,2011,11,0.2846956585365854
South South,2011,12,0.26146366666666665
South South,2012,1,0.2456207
South South,2012,2,0.26350636470588235
South South,2012,3,0.25294476136363636
South South,2012,4,0.2755133924050633
South South,2012,5,0.2898844731182796
South South,2012,6,0.3008288295454546
South South,2012,7,0.3115319603960396
South South,2012,8,0.3111655689655172
South South,2012,9,0.3095739266055046
South South,2012,10,0.3088455775862069
South South,2012,11,0.29883566055045874
South South,2012,12,0.27938385454545456
South South,2013,1,0.26343856756756756
South South,2013,2,0.25489391304347825
South South,2013,3,0.28586492920353984
South South,2013,4,0.28451753773584904
South South,2013,5,0.29478227835051546
South South,2013,6,0.31385138888888886
South South,2013,7,0.3176223909090909
South South,2013,8,0.3089413428571428
South South,2013,9,0.30833100917431194
South South,2013,10,0.30960385
South South,2013,11,0.30991331304347824
South South,2013,12,0.3036912950819672
South South,2014,1,0.2851700731707317
South South,2014,2,0.2773028476190476
South South,2014,3,0.3012464876033058
South South,2014,4,0.30489272881355933
South South,2014,5,0.31412641803278685
South South,2014,6,0.32262470000000004
South South,2014,7,0.32177394262295084
South South,2014,8,0.3251317438016529
South South,2014,9,0.329849125
South South,2014,10,0.32061387603305785
South South,2014,11,0.3087723697478992
South South,2014,12,0.28326657723577237
South South,2015,1,0.25459315254237286
South South,2015,2,0.27001683783783786
South South,2015,3,0.28198462096774196
South South,2015,4,0.2847803050847458
South South,2015,5,0.29663856302521013
South South,2015,6,0.30974273504273503
South South,2015,7,0.3194906611570248
South South,2015,8,0.3219479674796748
South South,2015,9,0.3259364083333333
South South,2015,10,0.3173741129032258
South South,2015,11,0.2993327
South South,2015,12,0.25166150819672134
South South,2016,1,0.23312948387096774
South South,2016,2,0.2276394210526316
South South,2016,3,0.27549766935483866
South South,2016,4,0.2801179745762712
South South,2016,5,0.2927380655737705
South South,2016,6,0.30868083050847456
South South,2016,7,0.3202031166666667
South South,2016,8,0.3219735161290323
South South,2016,9,0.32318766386554626
South South,2016,10,0.3040143140495868
South South,2016,11,0.28671559166666666
South South,2016,12,0.26478584033613445
South South,2017,1,0.24135883333333333
South South,2017,2,0.230048738317757
South South,2017,3,0.2584721900826446
South South,2017,4,0.2841295391304348
South South,2017,5,0.2916491229508197
South South,2017,6,0.31146904201680675
South South,2017,7,0.31831293548387096
South South,2017,8,0.3224245161290323
South South,2017,9,0.31457419166666667
South South,2017,10,0.30551266129032256
South South,2017,11,0.28320045
South South,2017,12,0.25539796774193546
South South,2018,1,0.22982295121951218
South South,2018,2,0.2488789099099099
South South,2018,3,0.2749693606557377
South South,2018,4,0.2832558151260504
South South,2018,5,0.2841839666666666
South South,2018,6,0.3098307983193277
South South,2018,7,0.3158517024793388
South South,2018,8,0.31412436974789915
South South,2018,9,0.32059145
South South,2018,10,0.3125060243902439
South South,2018,11,0.2896797647058823
South South,2018,12,0.2496768275862069
South South,2019,1,0.23901580672268907
South South,2019,2,0.24619393333333334
South South,2019,3,0.27081713445378147
South South,2019,4,0.27994488983050847
South South,2019,5,0.29547089915966385
South South,2019,6,0.3118159661016949
South South,2019,7,0.3217288760330579
South South,2019,8,0.31848685245901637
South South,2019,9,0.31790151666666666
South South,2019,10,0.32103381300813005
South South,2019,11,0.3021372564102564
South South,2019,12,0.2658971391304348
South South,2020,1,0.2309473539823009
South South,2020,2,0.20456916494845362
South South,2020,3,0.24300089285714285
South South,2020,4,0.28267512037037035
South South,2020,5,0.2892112018348624
South South,2020,6,0.3109608017241379
South South,2020,7,0.3243352601626016
South South,2020,8,0.295839407079646
South South,2020,9,0.3150612711864407
South South,2020,10,0.31907528571428573
South South,2020,11,0.29185199145299145
South South,2020,12,0.2625978275862069
South South,2021,1,0.24301872807017544
South South,2021,2,0.22463473737373735
South South,2021,3,0.25274791150442477
South South,2021,4,0.27112093396226417
South South,2021,5,0.28868581188118814
South South,2021,6,0.3097641754385965
South South,2021,7,0.31189094915254234
South South,2021,8,0.31756236666666665
South South,2021,9,0.3148707478260869
South South,2021,10,0.3019966722689076
South South,2021,11,0.3009419090909091
South South,2021,12,0.2677668728813559
South South,2022,1,0.24546791525423728
South South,2022,2,0.22200440404040403
South South,2022,3,0.2576571166666667
South South,2022,4,0.28716926315789476
South South,2022,5,0.30244915702479336
South South,2022,6,0.3160089491525424
South South,2022,7,0.31624747967479677
South South,2022,8,0.3092273821138211
South South,2022,9,0.3186665916666667
South South,2022,10,0.3307762258064516
South South,2022,11,0.2968893813559322
South South,2022,12,0.25361099145299143
South South,2023,1,0.2330287899159664
South South,2023,2,0.2328212475247525
South South,2023,3,0.2716144426229508
South South,2023,4,0.2894483504273504
South South,2023,5,0.30374176229508193
South South,2023,6,0.32184983050847454
South South,2023,7,0.32770409756097557
South South,2023,8,0.3236615
South South,2023,9,0.3322845897435897
South South,2023,10,0.3184253442622951
South South,2023,11,0.30589344444444444
South South,2023,12,0.2642481393442623
South West,2000,1,0.22257742424242424
South West,2000,2,0.2132096875
South West,2000,3,0.22932378571428572
South West,2000,4,0.26337676923076925
South West,2000,5,0.2798608157894737
South West,2000,6,0.3004986875
South West,2000,7,0.29438853333333337
South West,2000,8,0.3103682777777778
South West,2000,9,0.319053625
South West,2000,10,0.31048029166666663
South West,2000,11,0.2635560769230769
South West,2000,12,0.23450034375
South West,2001,1,0.2086057391304348
South West,2001,2,0.2072464642857143
South West,2001,3,0.21806475
South West,2001,4,0.2516708125
South West,2001,5,0.28591319354838707
South West,2001,6,0.30688476000000003
South West,2001,7,0.30252793333333333
South West,2001,8,0.3016698260869565
South West,2001,9,0.3133548666666667
South West,2001,10,0.3167835333333333
South West,2001,11,0.2668477826086956
South West,2001,12,0.2438884054054054
South West,2002,1,0.21992103225806453
South West,2002,2,0.20099923333333333
South West,2002,3,0.24114978787878788
South West,2002,4,0.26253966666666667
South West,2002,5,0.2845796585365854
South West,2002,6,0.3055146976744186
South West,2002,7,0.3163152363636364
South West,2002,8,0.3079555531914894
South West,2002,9,0.302909488372093
South West,2002,10,0.31383656862745096
South West,2002,11,0.28678488888888887
South West,2002,12,0.2471569811320755
South West,2003,1,0.24532947272727273
South West,2003,2,0.24480228846153845
South West,2003,3,0.24590984615384615
South West,2003,4,0.28810030000000003
South West,2003,5,0.29263539215686274
South West,2003,6,0.3157304680851064
South West,2003,7,0.3150105
South West,2003,8,0.31320984615384617
South West,2003,9,0.31522060526315787
South West,2003,10,0.3159427948717949
South West,2003,11,0.30389629411764707
South West,2003,12,0.26635937209302324
South West,2004,1,0.25725468
South West,2004,2,0.2353564680851064
South West,2004,3,0.24609833333333334
South West,2004,4,0.280688568627451
South West,2004,5,0.2980313653846154
South West,2004,6,0.30864216
South West,2004,7,0.3154948372093023
South West,2004,8,0.311895947368421
South West,2004,9,0.31357471794871794
South West,2004,10,0.31407985714285713
South West,2004,11,0.285464775
South West,2004,12,0.27501455555555554
South West,2005,1,0.23603716
South West,2005,2,0.23134344444444446
South West,2005,3,0.2648905660377358
South West,2005,4,0.2814816304347826
South West,2005,5,0.29889282
South West,2005,6,0.31448124390243903
South West,2005,7,0.31434053488372093
South West,2005,8,0.3074985813953488
South West,2005,9,0.32100076744186046
South West,2005,10,0.303871347826087
South West,2005,11,0.28901699999999997
South West,2005,12,0.2706443653846154
South West,2006,1,0.2515741818181818
South West,2006,2,0.24340687234042552
South West,2006,3,0.2538433653846154
South West,2006,4,0.26787448
South West,2006,5,0.29775466666666667
South West,2006,6,0.30448026666666667
South West,2006,7,0.31407883333333336
South West,2006,8,0.3131165
South West,2006,9,0.31751014285714285
South West,2006,10,0.3098609574468085
South West,2006,11,0.28417884615384614
South West,2006,12,0.26211983673469386
South West,2007,1,0.20707809523809523
South West,2007,2,0.21811797435897434
South West,2007,3,0.2405545632183908
South West,2007,4,0.2755812763157895
South West,2007,5,0.2988091818181818
South West,2007,6,0.3111647
South West,2007,7,0.3140859024390244
South West,2007,8,0.3096344117647059
South West,2007,9,0.3215717974683544
South West,2007,10,0.31524399999999997
South West,2007,11,0.29702385542168674
South West,2007,12,0.2626101379310345
South West,2008,1,0.22514761904761907
South West,2008,2,0.21520466666666668
South West,2008,3,0.2587403536585366
South West,2008,4,0.2700895
South West,2008,5,0.2900549880952381
South West,2008,6,0.30535515384615386
South West,2008,7,0.3115980352941176
South West,2008,8,0.31029754022988504
South West,2008,9,0.3145611111111111
South West,2008,10,0.3105149642857143
South West,2008,11,0.2667821294117647
South West,2008,12,0.241452
South West,2009,1,0.21793231395348836
South West,2009,2,0.23151964935064936
South West,2009,3,0.2438819882352941
South West,2009,4,0.2802463076923077
South West,2009,5,0.29447476388888894
South West,2009,6,0.3038811641791045
South West,2009,7,0.3100951111111111
South West,2009,8,0.295369115942029
South West,2009,9,0.30836642028985506
South West,2009,10,0.309103375
South West,2009,11,0.27758285714285713
South West,2009,12,0.22480086153846154
South West,2010,1,0.19563646969696968
South West,2010,2,0.20707536666666665
South West,2010,3,0.24003757142857143
South West,2010,4,0.26445028813559324
South West,2010,5,0.2993643492063492
South West,2010,6,0.2994674918032787
South West,2010,7,0.3074033823529412
South West,2010,8,0.30848089393939393
South West,2010,9,0.3184800508474576
South West,2010,10,0.3180198709677419
South West,2010,11,0.3021619032258065
South West,2010,12,0.24093470769230768
South West,2011,1,0.19574213793103448
South West,2011,2,0.2349192777777778
South West,2011,3,0.25696905000000003
South West,2011,4,0.2609023793103448
South West,2011,5,0.280084
South West,2011,6,0.29891657627118645
South West,2011,7,0.3095878983050847
South West,2011,8,0.29451893333333334
South West,2011,9,0.3082316206896552
South West,2011,10,0.3155396724137931
South West,2011,11,0.2643702456140351
South West,2011,12,0.19835326666666667
South West,2012,1,0.16257553333333333
South West,2012,2,0.19110178571428574
South West,2012,3,0.23440528813559322
South West,2012,4,0.26640450877192984
South West,2012,5,0.28709806896551726
South West,2012,6,0.3050086896551724
South West,2012,7,0.30492972727272727
South West,2012,8,0.2980863846153846
South West,2012,9,0.3053772840909091
South West,2012,10,0.3056594285714286
South West,2012,11,0.27577160227272723
South West,2012,12,0.23992634065934068
South West,2013,1,0.21388851111111112
South West,2013,2,0.2238442804878049
South West,2013,3,0.2611115888888889
South West,2013,4,0.2762800909090909
South West,2013,5,0.291366625
South West,2013,6,0.2936848
South West,2013,7,0.3077766774193548
South West,2013,8,0.2860289677419355
South West,2013,9,0.3011743111111111
South West,2013,10,0.3041408488372093
South West,2013,11,0.26895449411764705
South West,2013,12,0.23252499999999998
South West,2014,1,0.21699733333333332
South West,2014,2,0.21392645454545453
South West,2014,3,0.25773738202247193
South West,2014,4,0.27599544943820226
South West,2014,5,0.302436125
South West,2014,6,0.3079426777777778
South West,2014,7,0.312070797752809
South West,2014,8,0.30987960000000003
South West,2014,9,0.3128605421686747
South West,2014,10,0.3178864719101124
South West,2014,11,0.2922819024390244
South West,2014,12,0.23802036842105265
South West,2015,1,0.20412524324324324
South West,2015,2,0.2368217108433735
South West,2015,3,0.24569404347826088
South West,2015,4,0.26168985393258426
South West,2015,5,0.2735318064516129
South West,2015,6,0.2938650224719101
South West,2015,7,0.2873699347826087
South West,2015,8,0.2847120795454546
South West,2015,9,0.2982369166666667
South West,2015,10,0.29947788235294115
South West,2015,11,0.2657598513513514
South West,2015,12,0.1963813432835821
South West,2016,1,0.17841463235294117
South West,2016,2,0.1913356282051282
South West,2016,3,0.24625615217391306
South West,2016,4,0.2609299651162791
South West,2016,5,0.28295272527472526
South West,2016,6,0.29469563529411763
South West,2016,7,0.2903441511627907
South West,2016,8,0.2888028409090909
South West,2016,9,0.3090855
South West,2016,10,0.3021415833333333
South West,2016,11,0.2622866623376623
South West,2016,12,0.21832558108108105
South West,2017,1,0.19552706756756758
South West,2017,2,0.21011555999999998
South West,2017,3,0.22921474418604654
South West,2017,4,0.26398389156626506
South West,2017,5,0.28804215476190476
South West,2017,6,0.30216776829268294
South West,2017,7,0.30124454545454543
South West,2017,8,0.29974423255813953
South West,2017,9,0.3021626756756757
South West,2017,10,0.2893036547619048
South West,2017,11,0.250350302631579
South West,2017,12,0.20530815714285713
South West,2018,1,0.17805527142857144
South West,2018,2,0.20525796103896102
South West,2018,3,0.2454512247191011
South West,2018,4,0.2603550561797753
South West,2018,5,0.28331782352941176
South West,2018,6,0.2947207108433735
South West,2018,7,0.3039739523809524
South West,2018,8,0.2938164736842105
South West,2018,9,0.3096405394736842
South West,2018,10,0.3076599625
South West,2018,11,0.2691360422535211
South West,2018,12,0.20351651515151517
South West,2019,1,0.2001121891891892
South West,2019,2,0.21303914492753623
South West,2019,3,0.2521963095238095
South West,2019,4,0.2686738705882353
South West,2019,5,0.28183535555555556
South West,2019,6,0.30292980722891566
South West,2019,7,0.30257448051948055
South West,2019,8,0.2927903815789474
South West,2019,9,0.3110877435897436
South West,2019,10,0.3187226351351351
South West,2019,11,0.2884601549295775
South West,2019,12,0.22267133333333333
South West,2020,1,0.19785247368421052
South West,2020,2,0.19862930379746835
South West,2020,3,0.242698376344086
South West,2020,4,0.2609207011494253
South West,2020,5,0.28370776666666664
South West,2020,6,0.2969727272727273
South West,2020,7,0.29801102247191014
South West,2020,8,0.2649228488372093
South West,2020,9,0.3061468111111111
South West,2020,10,0.30495875
South West,2020,11,0.2529898505747127
South West,2020,12,0.22448387356321842
South West,2021,1,0.20009665116279068
South West,2021,2,0.20420908860759496
South West,2021,3,0.23427243333333334
South West,2021,4,0.25192776470588235
South West,2021,5,0.27268042696629213
South West,2021,6,0.29610329885057474
South West,2021,7,0.2956012307692308
South West,2021,8,0.30594390109890107
South West,2021,9,0.3129844069767442
South West,2021,10,0.30383146590909094
South West,2021,11,0.27971524999999997
South West,2021,12,0.22754239285714287
South West,2022,1,0.19852691463414635
South West,2022,2,0.1953601038961039
South West,2022,3,0.23738311235955056
South West,2022,4,0.2681063902439024
South West,2022,5,0.2853215
South West,2022,6,0.3012922643678161
South West,2022,7,0.2975104719101124
South West,2022,8,0.2978106555555556
South West,2022,9,0.31217701123595504
South West,2022,10,0.31061675
South West,2022,11,0.2656373411764706
South West,2022,12,0.21588025925925927
South West,2023,1,0.1912442564102564
South West,2023,2,0.19904156164383563
South West,2023,3,0.25555881318681317
South West,2023,4,0.2668045111111111
South West,2023,5,0.2865312988505747
South West,2023,6,0.3101597701149425
South West,2023,7,0.31048447777777777
South West,2023,8,0.30673517582417587
South West,2023,9,0.31796980459770113
South West,2023,10,0.317859902173913
South West,2023,11,0.29036775280898874
South West,2023,12,0.23237759756097562
