PRECTOTCORR_MayAug,Yield_kg_per_ha
626.1275,11208.13672867418
626.1275,1692.7758423471917
626.1275,2058.216031386133
626.1275,12597.282695684202
586.1175000000001,6888.902978430184
586.1175000000001,1306.5921079579932
586.1175000000001,1639.8764774429164
586.1175000000001,10221.20763638733
669.505,5855.849651493266
669.505,1168.754556813829
669.505,1342.7229113543551
669.505,8260.920659007708
628.2524999999999,14023.326572415584
628.2524999999999,2026.4320420442868
628.2524999999999,1901.3283560023656
628.2524999999999,13608.77289165224
1024.5425,11350.772249208369
1024.5425,1475.5977926654668
1024.5425,1744.643768848524
1024.5425,8836.51922272889
1081.6625,12821.062782211937
1081.6625,1589.7770639444698
1081.6625,1454.9012266438456
1081.6625,12233.31555060465
2078.935,11632.5350037709
2078.935,1656.765231666677
2078.935,2160.842226227124
2078.935,12360.069310186344
987.8475,6458.889810181113
987.8475,1289.5687974150812
987.8475,1746.6072754736545
987.8475,9871.713286713288
1153.1825,5928.376485611764
1153.1825,1122.7687879230748
1153.1825,1368.9355284160822
1153.1825,8448.674242424242
2410.9025,13666.010353544983
2410.9025,1945.003558634616
2410.9025,1926.7409325069957
2410.9025,13051.345367491478
2960.2799999999997,11129.574584003374
2960.2799999999997,1477.4192168704967
2960.2799999999997,1870.58097384518
2960.2799999999997,8672.18479850632
1145.0249999999999,13044.055315543485
1145.0249999999999,1610.6608099249293
1145.0249999999999,1498.4332991569834
1145.0249999999999,11497.845035314982
1076.6275,11656.63695331154
1076.6275,1620.4261754860297
1076.6275,2061.125088994744
1076.6275,12744.087950108418
809.21,6149.721743274026
809.21,1288.3462163808254
809.21,1626.0000912732478
809.21,9498.366301660191
1087.68,5865.304224299826
1087.68,1144.6083526977643
1087.68,1468.133986963926
1087.68,8973.630831643002
1087.3975,13586.623639925185
1087.3975,1917.0673118176123
1087.3975,1902.7499817679227
1087.3975,13241.232009917416
1792.1174999999998,11543.35252666341
1792.1174999999998,1519.686108501253
1792.1174999999998,1835.2172385910828
1792.1174999999998,8896.088821069063
990.9324999999999,13502.080170443767
990.9324999999999,1811.1006199634423
990.9324999999999,1506.2969191018988
990.9324999999999,11346.294528469494
1170.6075,11887.70472315434
1170.6075,1649.733177451575
1170.6075,2077.193175434857
1170.6075,13142.12163282255
669.7625,6494.5358027787215
669.7625,1291.4150393728212
669.7625,1655.0604426865402
669.7625,10066.946211683056
971.4225,5985.600794438928
971.4225,1161.4333446511089
971.4225,1462.8906295827026
971.4225,8734.326018808777
1213.1225,13945.789968061272
1213.1225,1929.594780806592
1213.1225,1915.2251480918949
1213.1225,13347.275738764278
1866.415,11439.861811010112
1866.415,1500.5982514256236
1866.415,1876.8797180244587
1866.415,8800.570202682578
1169.1725,13558.280087407546
1169.1725,1733.2732563667469
1169.1725,1522.3987719893016
1169.1725,11606.774232586851
866.2575,11976.374234412271
866.2575,1657.825400955663
866.2575,2031.966039265783
866.2575,12573.563815715455
631.765,7459.533583979442
631.765,1282.4277243709223
631.765,1678.2468320094556
631.765,10095.243438360938
953.72,4156.816569726202
953.72,1159.377524118237
953.72,1453.5736650291906
953.72,8734.326018808777
790.9925000000001,14009.4026842502
790.9925000000001,1893.4920860111165
790.9925000000001,1970.2826475703475
790.9925000000001,13414.6234296371
1237.01,11596.068617880816
1237.01,1487.8699922050057
1237.01,1820.8655771265967
1237.01,8811.433512351305
840.0649999999999,13600.068713762368
840.0649999999999,1678.896071444003
840.0649999999999,1490.1803159626425
840.0649999999999,10674.143375636391
931.3975,12239.790669085163
931.3975,1590.140419400031
931.3975,2019.7803326261396
931.3975,12970.266253782556
556.1875,6484.999094197038
556.1875,1270.9064369003336
556.1875,1658.42511515567
556.1875,10289.046880966822
684.83,4176.73398131636
684.83,1265.4145099444172
684.83,1448.8238768389758
684.83,9065.51646325094
939.5550000000001,13757.303618924358
939.5550000000001,1881.424066192284
939.5550000000001,2035.6958130417445
939.5550000000001,12763.631854105492
1604.4099999999999,11479.235068205926
1604.4099999999999,1553.0012076007515
1604.4099999999999,1913.758439201452
1604.4099999999999,8921.173795843342
1216.92,14092.61104975395
1216.92,1738.7702110745452
1216.92,1540.2393805628694
1216.92,10480.055289993184
668.2049999999999,11949.253483533454
668.2049999999999,1626.276686540603
668.2049999999999,2207.6079709735886
668.2049999999999,13124.939144712784
705.9625,5949.90801129319
705.9625,1338.8928784435975
705.9625,1776.5492727745798
705.9625,11298.6549069242
863.71,6298.9590789802505
863.71,1325.24550683526
863.71,1442.3011566124117
863.71,9032.069459962377
607.9075,14727.797281745175
607.9075,1935.6551322714056
607.9075,2240.994555129322
607.9075,13398.64321468624
1085.4975,12056.262867391655
1085.4975,1634.5938430129158
1085.4975,2047.989023457716
1085.4975,8682.181755291092
823.67,14232.78000842105
823.67,1732.0395629026227
823.67,1839.57326966984
823.67,12441.98830715641
1181.135,12178.583787349937
1181.135,1670.3991985780722
1181.135,2157.105213261128
1181.135,14093.30120501473
629.03,6106.047856275943
629.03,1356.620167042954
629.03,1665.4642661530172
629.03,11091.576201913722
764.005,6374.062567954542
764.005,1387.967155766841
764.005,1493.8914261756413
764.005,8476.651400794035
1309.4099999999999,15224.162117792328
1309.4099999999999,1929.7442343037071
1309.4099999999999,2083.062222551844
1309.4099999999999,13484.037638910531
2163.585,11969.652908907845
2163.585,1611.202513844099
2163.585,1990.5707803109287
2163.585,8966.295903083641
1301.955,14774.389695415586
1301.955,1684.1448661044244
1301.955,1581.8295092211686
1301.955,12393.027477536058
1697.9475000000002,11808.287882878438
1697.9475000000002,1658.5972860742695
1697.9475000000002,2125.743540614741
1697.9475000000002,12222.642188146525
947.7975000000001,6234.21863810314
947.7975000000001,1501.9547454550104
947.7975000000001,1616.497027937385
947.7975000000001,10922.83419391853
1275.445,6285.602957075455
1275.445,1434.718911747604
1275.445,1695.147287719002
1275.445,8847.023942583384
1574.7649999999999,15167.622421835247
1574.7649999999999,1881.586127765144
1574.7649999999999,2315.850532182664
1574.7649999999999,13357.220985171656
2876.2625,11817.096059301552
2876.2625,1598.4118187637282
2876.2625,1949.7535077830996
2876.2625,8890.872283439954
1502.02,15265.396852536907
1502.02,1695.814488372533
1502.02,1930.784386377661
1502.02,11699.162110948906
1401.5875,12472.817547335684
1401.5875,1729.5527191310644
1401.5875,2286.424046909821
1401.5875,14376.79588239782
905.925,5615.891525555384
905.925,1238.1831642752718
905.925,857.9981771702905
905.925,13235.506172839505
1000.7550000000001,9515.19828756506
1000.7550000000001,1644.2624812828162
1000.7550000000001,1759.7964795355476
1000.7550000000001,7744.481204729098
792.9325,14951.738374320865
792.9325,1874.6574797972244
792.9325,2214.336890810051
792.9325,12970.66047389152
1213.875,10537.670591844124
1213.875,1160.9879101421486
1213.875,1522.2806268149675
1213.875,9121.580326632427
1454.36,15898.216650046545
1454.36,1735.75279442798
1454.36,1892.923789073394
1454.36,12321.980260420323
1230.0575,13201.609582001724
1230.0575,1774.5809405949997
1230.0575,2490.4946665119755
1230.0575,17198.953043381647
737.755,7037.508066932504
737.755,1497.7508809659437
737.755,1331.0071882693633
737.755,14030.75261749378
849.13,7902.831018208216
849.13,1732.5391635982
849.13,1548.1811513377245
849.13,7578.002090146836
942.3700000000001,15090.536813973004
942.3700000000001,1719.916142724286
942.3700000000001,2477.303689147594
942.3700000000001,13895.12227120495
1671.66,13375.095241547482
1671.66,1584.4744006302928
1671.66,1558.85013200096
1671.66,9770.316584451257
1111.9375,16833.11370012551
1111.9375,2097.1330656788327
1111.9375,1906.5265106306451
1111.9375,12213.272534029771
1403.3600000000001,12698.4466577789
1403.3600000000001,1545.802552700719
1403.3600000000001,3051.8103791777867
1403.3600000000001,20168.4505310542
957.5374999999999,5608.495714809587
957.5374999999999,1360.552512018951
957.5374999999999,1358.608483315936
957.5374999999999,7914.979120338
1000.57,8556.27096592651
1000.57,1435.3392764272126
1000.57,1358.8427235852268
1000.57,6307.8422091529865
1058.5974999999999,14895.590913700076
1058.5974999999999,1820.6016272776656
1058.5974999999999,2213.819113844596
1058.5974999999999,40346.377959987854
1775.3525,13278.79617884679
1775.3525,1676.8256263226915
1775.3525,1307.0356139456824
1775.3525,18237.877332944798
1362.79,16443.366470673176
1362.79,1880.7533464039504
1362.79,2155.620617012
1362.79,19969.75368070264
1181.795,37797.35650636242
1181.795,1573.2408189431612
1181.795,3025.9358379146256
1181.795,18930.912939756778
686.6600000000001,7671.3808716070225
686.6600000000001,2567.800673286475
686.6600000000001,1368.0573277080066
686.6600000000001,8089.450843148654
761.375,10676.759537412883
761.375,1293.9607438251232
761.375,1373.359763408146
761.375,3528.195195289044
1185.3075,14773.96444347142
1185.3075,1820.78120445558
1185.3075,2191.704756211577
1185.3075,12119.253816565211
2138.6600000000003,10165.748268911875
2138.6600000000003,1623.106340484583
2138.6600000000003,1298.376311990194
2138.6600000000003,5861.397261222929
1225.9125,14870.596837954336
1225.9125,1912.9003298653472
1225.9125,2165.242738519082
1225.9125,6677.872894777218
1481.2575,40107.52795497757
1481.2575,1553.7525555762477
1481.2575,2998.1177214376166
1481.2575,18145.38251367329
1079.6875,7568.511226845784
1079.6875,2856.62932647458
1079.6875,1758.9031975576538
1079.6875,8100.750185033751
1336.75,10298.592003253834
1336.75,1395.947013440604
1336.75,1684.9125433804122
1336.75,3793.750058701263
989.7475,14754.297081876051
989.7475,1813.19539781922
989.7475,3050.274072123378
989.7475,12059.029986446389
1668.89,10160.720926804912
1668.89,1809.3904566462836
1668.89,3775.739109888969
1668.89,5457.836877383941
1215.67,14868.78598213418
1215.67,1914.3165469567284
1215.67,3049.5068238350223
1215.67,6640.24989671062
840.9899999999999,10017.793349266183
840.9899999999999,1493.0273430134946
840.9899999999999,2007.235299279777
840.9899999999999,12152.327364672776
754.6275,5956.29665922929
754.6275,1708.5478351876177
754.6275,1579.7731500949783
754.6275,8485.06648337139
767.0425,7340.715360162057
767.0425,1555.6814145062383
767.0425,1805.5251715170864
767.0425,11045.470171683764
1024.6075,15343.98064162433
1024.6075,1679.488999390631
1024.6075,1882.72009395656
1024.6075,12806.831209481335
1543.68,11939.71624179605
1543.68,1685.2752371696174
1543.68,1939.5732136802435
1543.68,9136.48761337929
969.4575,14580.318629967836
969.4575,2011.4964155061225
969.4575,2039.142892589217
969.4575,10267.630695304802
985.0225,7963.055952298295
985.0225,2177.843013393526
985.0225,2791.2728901260057
985.0225,11216.48824388674
723.0899999999999,4497.163134459852
723.0899999999999,1936.554698446014
723.0899999999999,2364.5980125699016
723.0899999999999,9682.887099679714
818.97,6742.65761828328
818.97,1812.4621058012988
818.97,2630.107241314794
818.97,8045.63020350465
688.09,11874.004422935694
688.09,1330.015093332633
688.09,2765.649269391612
688.09,9310.94490502348
1135.7025,7001.634415355326
1135.7025,1229.0339255778424
1135.7025,2935.7608079183824
1135.7025,6499.122135890978
1156.4525,12140.770280361976
1156.4525,1706.3943844357102
1156.4525,2749.7421134653528
1156.4525,6844.873192715994
885.8,8008.494972249613
885.8,2105.0799777956568
885.8,2963.332343386811
885.8,11002.42081158989
734.245,4165.220055845253
734.245,1577.0711646956447
734.245,2756.610727950745
734.245,9785.78388200416
968.19,6814.408044844372
968.19,1813.8618827442897
968.19,2866.989123708851
968.19,8080.529187124931
750.7625,12097.102921253656
750.7625,1349.583198195002
750.7625,2832.4477180575923
750.7625,8511.217041339609
1481.12,7319.059776476636
1481.12,1267.5627519189554
1481.12,2808.539776155611
1481.12,6179.2057630578265
838.2774999999999,12650.300492966102
838.2774999999999,1397.5506862818054
838.2774999999999,2825.787959139906
838.2774999999999,6533.313282646049
1325.5449999999998,5884.593115866352
1325.5449999999998,2391.2995843253434
1325.5449999999998,2029.805148851373
1325.5449999999998,11841.196883869085
920.5350000000001,5076.885395081997
920.5350000000001,1744.448086334211
920.5350000000001,1702.7177072777022
920.5350000000001,9891.549244075624
1001.6599999999999,4227.566869768606
1001.6599999999999,1942.1207268628232
1001.6599999999999,1873.4658796027743
1001.6599999999999,9702.374081381762
1142.595,8705.689275358392
1142.595,1810.4375432689144
1142.595,1856.8201276733605
1142.595,8200.852637200764
1923.2999999999997,5535.002990085021
1923.2999999999997,1781.200617896485
1923.2999999999997,1810.9560901366085
1923.2999999999997,5886.528045668193
1076.425,8949.64054953864
1076.425,1939.6706065555936
1076.425,1752.2869972945143
1076.425,7144.491846376251
1470.7225,5721.033256248551
1470.7225,2447.461970417434
1470.7225,2165.303261328911
1470.7225,11359.888330802278
933.7275000000001,4606.164788044129
933.7275000000001,1949.1994040389843
933.7275000000001,1768.0561624066486
933.7275000000001,9070.279473552731
1254.4250000000002,5488.972871953924
1254.4250000000002,2157.0549129575056
1254.4250000000002,2217.118786386623
1254.4250000000002,9506.208509281794
1388.4900000000002,8611.234974794783
1388.4900000000002,2021.9934729846289
1388.4900000000002,2148.797685990416
1388.4900000000002,8134.368969123795
2422.275,5372.806332624552
2422.275,1676.3074246692654
2422.275,1994.5209079104752
2422.275,6011.34996848765
1443.025,9755.44618706162
1443.025,2004.2755704300755
1443.025,2094.750695374152
1443.025,7134.102226398293
1375.1775,5548.781612431313
1375.1775,2491.1120792934435
1375.1775,2126.243907151548
1375.1775,11248.067533118812
821.635,5138.224692145862
821.635,1978.6753076718771
821.635,1765.649314073978
821.635,9999.034899287071
1006.7250000000001,5824.741548450215
1006.7250000000001,2222.1281494672885
1006.7250000000001,2239.991404192987
1006.7250000000001,9623.841357421006
1374.1025,8871.816245896569
1374.1025,1996.419911360092
1374.1025,2136.4817269175173
1374.1025,8300.723090636571
2164.39,5316.112296789452
2164.39,1710.6951749369512
2164.39,2051.2023334356536
2164.39,5957.548772481652
1527.9525,10035.87206185293
1527.9525,2041.244755284208
1527.9525,2082.979153572873
1527.9525,7042.381767638048
1156.9275,5496.462329614528
1156.9275,2447.8723060864536
1156.9275,2112.3158738522843
1156.9275,11597.10591840253
893.1975,5007.89379951832
893.1975,1950.7314016284888
893.1975,1737.6633191577516
893.1975,9999.031219725615
1017.1625,5737.54254357534
1017.1625,2198.2724020550845
1017.1625,2217.5022976977166
1017.1625,9776.393061052151
1247.605,8917.785347794825
1247.605,1966.288666294156
1247.605,2051.501899502904
1247.605,7718.392129140852
2092.7574999999997,5249.055026863132
2092.7574999999997,1706.6049362975211
2092.7574999999997,2068.072369473813
2092.7574999999997,6426.24962255514
1355.4424999999999,9878.538439337795
1355.4424999999999,2008.6539025531292
1355.4424999999999,2001.0314696117848
1355.4424999999999,7702.305064245302
1404.1975,5448.389112440078
1404.1975,2406.1328380610626
1404.1975,2057.137994478174
1404.1975,11978.080706261691
1039.96,4881.513297398026
1039.96,1921.532759471805
1039.96,1653.332638987136
1039.96,9999.811764705884
1810.535,5658.446138688568
1810.535,2158.044954172921
1810.535,2060.9526895912977
1810.535,9930.796670072516
1109.7275,8976.136467818686
1109.7275,1897.2498888365128
1109.7275,1920.6657800172825
1109.7275,7683.871787779127
1906.775,5188.086876564917
1906.775,1687.221836157238
1906.775,2030.0448062570383
1906.775,6401.056585901711
1154.8625,9710.482563269552
1154.8625,1976.846221893448
1154.8625,1870.5756662493256
1154.8625,7878.363993179753
2254.21,5531.713901309267
2254.21,2420.9109129181747
2254.21,2046.0447715008745
2254.21,12156.16178400631
1604.8975,4916.064890618371
1604.8975,1911.3702328115055
1604.8975,1623.5340419429992
1604.8975,10253.265190232822
2714.3925,5672.49354065816
2714.3925,2137.3772408084637
2714.3925,2049.2080230511638
2714.3925,9934.414468840268
1143.375,9360.40374365666
1143.375,1870.871589587656
1143.375,1904.7613167164368
1143.375,7550.270447792966
1894.5774999999999,5293.063024311827
1894.5774999999999,1679.674821776171
1894.5774999999999,2026.7284444772836
1894.5774999999999,6533.358296517267
1633.74,9762.386658317017
1633.74,1999.205800373851
1633.74,1865.6275352908808
1633.74,7926.157056015287
2064.62,6624.183850232296
2064.62,2596.910535545842
2064.62,2080.9948583286427
2064.62,12555.940696126518
1532.6425,5608.644892062252
1532.6425,1874.1618306762095
1532.6425,1677.5814410966425
1532.6425,10602.601515129283
1857.3374999999999,5933.81607912259
1857.3374999999999,2246.690569038757
1857.3374999999999,2073.643621563844
1857.3374999999999,10310.171406504816
884.585,7930.881603245954
884.585,1931.590582568359
884.585,1768.9216421973235
884.585,7709.852217645293
1676.2300000000002,6442.618770135126
1676.2300000000002,1819.8225678843548
1676.2300000000002,1972.2635610193345
1676.2300000000002,6866.720714223694
1404.605,10978.98884397255
1404.605,2145.86022349956
1404.605,1723.0923018682756
1404.605,8097.076395063083
1370.61,6665.785525750729
1370.61,2649.4804224161
1370.61,2127.3356135564945
1370.61,12619.195605621346
510.75249999999994,5643.868687860585
510.75249999999994,1912.1008998906443
510.75249999999994,1714.938793385017
510.75249999999994,10656.015947291684
986.8100000000001,5971.082201320749
986.8100000000001,2292.1709042383786
986.8100000000001,2119.820685735864
986.8100000000001,10362.112504640634
884.9174999999999,7980.689694695063
884.9174999999999,1970.692125785297
884.9174999999999,1808.3130419734907
884.9174999999999,7748.693333872557
1564.5975,6483.080229542128
1564.5975,1856.6616892282648
1564.5975,2016.182761559397
1564.5975,6901.314345625096
1546.3725,11047.93983615542
1546.3725,2189.299359616969
1546.3725,1761.4630601872382
1546.3725,8137.868296158832
